{"cameraMode":{"drawMode":0,"name":"Shaded","section":"Shading Mode"},"sceneLighting":true,"audioPlay":false,"sceneViewState":{"m_AlwaysRefresh":false,"showFog":true,"showSkybox":true,"showFlares":true,"showImageEffects":true,"showParticleSystems":true,"showVisualEffectGraphs":true,"m_FxEnabled":false},"in2DMode":false,"pivot":{"x":7.669940948486328,"y":-0.41046905517578127,"z":5.213983535766602},"rotation":{"x":-0.49464407563209536,"y":-0.032057344913482669,"z":0.018263239413499833,"w":-0.8683187961578369},"size":8.202316284179688,"orthographic":false}